1 Abs / Core#2 Biceps#3 Shoulders,Arms
1 Biceps,Arms
1 Biceps,Arms
1 Biceps,Arms
1 Biceps,Arms
1 Biceps,Arms
1 Biceps#1 Shoulders,Arms
1 Biceps#1 Triceps,Arms
1 Chest#4 Biceps,Arms
1 Chest#4 Biceps#1 Abs / Core#2 Triceps,Arms
1 Chest#4 Shoulders#3 Biceps,Arms
1 Shoulders#1 Biceps,Arms
1 Shoulders#1 Triceps,Arms
1 Shoulders#2 Triceps,Arms
1 Shoulders#3 Biceps,Arms
1 Shoulders#4 Triceps,Arms
1 Triceps,Arms
1 Triceps,Arms
1 Triceps,Arms
1 Triceps,Arms
1 Triceps,Arms
1 Triceps#1 Biceps,Arms
1 Triceps#1 Shoulders,Arms
2 Abs / Core#2 Triceps#4 Shoulders,Arms
2 Abs / Core#2 Triceps#4 Shoulders,Arms
2 Abs / Core#3 Biceps,Arms
2 Back#2 Biceps#3 Abs / Core#1 Shoulders,Arms
2 Back#3 Biceps#3 Triceps,Arms
2 Back#4 Triceps#3 Biceps#2 Abs / Core,Arms
2 Biceps,Arms
2 Biceps,Arms
2 Biceps,Arms
2 Biceps,Arms
2 Biceps#1 Abs / Core,Arms
2 Biceps#1 Shoulders,Arms
2 Biceps#1 Shoulders,Arms
2 Biceps#3 Triceps#2 Olympic,Arms
2 Biceps#3 Triceps#4 Abs / Core#4 Shoulders,Arms
2 Shoulders#1 Abs / Core#2 Triceps,Arms
2 Shoulders#1 Triceps,Arms
2 Shoulders#3 Biceps,Arms
2 Shoulders#4 Biceps,Arms
2 Shoulders#4 Biceps#2 Back#4 Triceps,Arms
2 Triceps,Arms
2 Triceps,Arms
2 Triceps,Arms
2 Triceps,Arms
2 Triceps,Arms
2 Triceps#2 Biceps,Arms
2 Triceps#3 Chest#1 Back,Arms
3 Back#4 Triceps#3 Biceps,Arms
3 Biceps,Arms
3 Biceps#1 Chest#2 Triceps#1 Shoulders,Arms
3 Biceps#2 Abs / Core,Arms
3 Biceps#3 Triceps#2 Abs / Core,Arms
3 Biceps#3 Triceps#2 Shoulders,Arms
3 Legs#1 Biceps,Arms
3 Shoulders#2 Biceps,Arms
3 Shoulders#2 Triceps,Arms
3 Shoulders#2 Triceps#2 Biceps,Arms
3 Triceps,Arms
3 Triceps,Arms
3 Triceps#3 Biceps,Arms
4 Biceps,Arms
4 Biceps#1 Abs / Core,Arms
4 Biceps#1 Chest,Arms
4 Biceps#1 Legs,Arms
4 Biceps#1 Shoulders#2 Triceps,Arms
4 Biceps#2 Shoulders,Arms
4 Biceps#3 Abs / Core,Arms
4 Biceps#4 Triceps,Arms
4 Shoulders#2 Olympic,Arms
4 Triceps,Arms
4 Triceps#3 Shoulders#1 Abs / Core#1 Biceps,Arms
1 Back,Back
1 Back,Back
1 Legs#4 Back,Back
1 Olympic#3 Back#1 Abs / Core,Back
2 Abs / Core#3 Back,Back
2 Back,Back
2 Back,Back
2 Back,Back
2 Back,Back
2 Back#2 Abs / Core,Back
3 Abs / Core#3 Back,Back
3 Back,Back
3 Back,Back
3 Back#1 Abs / Core,Back
4 Back,Back
4 Back,Back
4 Back#1 Biceps,Back
4 Back#2 Abs / Core#1 Biceps,Back
4 Back#3 Abs / Core,Back
1 Back#2 Biceps,Back and Bi
1 Back#3 Biceps,Back and Bi
1 Biceps#2 Back,Back and Bi
1 Biceps#2 Back,Back and Bi
2 Abs / Core#1 Biceps#3 Back,Back and Bi
2 Back#1 Triceps,Back and Bi
2 Biceps#3 Back,Back and Bi
2 Chest#3 Back#4 Biceps,Back and Bi
3 Back#1 Biceps,Back and Bi
4 Back#3 Abs / Core#4 Biceps,Back and Bi
1 Abs / Core#4 Chest,Chest
1 Biceps#2 Chest,Chest
1 Biceps#4 Chest,Chest
1 Chest,Chest
1 Chest,Chest
1 Chest,Chest
1 Shoulders#2 Chest,Chest
2 Abs / Core#2 Chest,Chest
2 Chest,Chest
2 Chest,Chest
2 Chest,Chest
2 Chest#1 Biceps,Chest
4 Chest,Chest
4 Chest#2 Shoulders#1 Abs / Core,Chest
1 Abs / Core#3 Back#3 Chest,Chest and Back
1 Back#1 Chest,Chest and Back
1 Back#1 Shoulders#2 Chest,Chest and Back
2 Back#2 Abs / Core#3 Chest,Chest and Back
2 Back#4 Chest#1 Abs / Core,Chest and Back
2 Chest#1 Back,Chest and Back
3 Back#3 Abs / Core#3 Chest,Chest and Back
4 Chest#3 Back,Chest and Back
1 Triceps#2 Chest,Chest and Tri
2 Triceps#2 Chest,Chest and Tri
2 Triceps#3 Abs / Core#4 Chest,Chest and Tri
2 Triceps#3 Chest,Chest and Tri
3 Triceps#3 Chest,Chest and Tri
1 Abs / Core#2 Biceps#1 Legs,Full Body
1 Back#2 Legs#2 Biceps,Full Body
1 Back#2 Triceps#1 Legs#1 Shoulders,Full Body
1 Back#2 Triceps#2 Legs,Full Body
1 Back#3 Abs / Core#2 Legs#2 Shoulders,Full Body
1 Biceps#1 Legs#1 Back,Full Body
1 Biceps#3 Triceps#3 Legs,Full Body
1 Biceps#3 Triceps#3 Legs,Full Body
1 Biceps#4 Legs#1 Abs / Core#4 Back,Full Body
1 Chest#2 Abs / Core#2 Legs,Full Body
1 Chest#3 Legs#3 Back#3 Biceps,Full Body
1 Legs#1 Biceps,Full Body
1 Legs#1 Biceps#1 Triceps,Full Body
1 Legs#1 Shoulders#2 Abs / Core#3 Biceps,Full Body
1 Legs#1 Shoulders#2 Olympic,Full Body
1 Legs#1 Triceps#1 Olympic#2 Biceps,Full Body
1 Legs#2 Biceps#1 Shoulders#2 Abs / Core,Full Body
1 Legs#3 Abs / Core#1 Back,Full Body
1 Legs#4 Abs / Core,Full Body
1 Legs#4 Abs / Core#4 Triceps,Full Body
1 Olympic#3 Legs#3 Triceps#3 Biceps#2 Chest,Full Body
1 Shoulders#1 Biceps#3 Legs#2 Triceps,Full Body
1 Shoulders#1 Legs#3 Biceps,Full Body
1 Shoulders#2 Legs#4 Back,Full Body
1 Shoulders#3 Biceps#2 Chest#2 Legs,Full Body
1 Shoulders#3 Triceps#2 Legs,Full Body
1 Triceps#1 Abs / Core#1 Legs#2 Olympic,Full Body
1 Triceps#2 Shoulders#2 Biceps#3 Legs,Full Body
1 Triceps#3 Abs / Core#2 Legs,Full Body
2 Abs / Core#2 Legs#1 Chest#2 Biceps,Full Body
2 Abs / Core#3 Triceps#1 Legs,Full Body
2 Abs / Core#4 Biceps#3 Shoulders#1 Legs#3 Chest,Full Body
2 Abs / Core#4 Legs#2 Chest,Full Body
2 Back#1 Olympic#2 Shoulders,Full Body
2 Back#2 Chest#4 Triceps#1 Legs#2 Abs / Core,Full Body
2 Back#2 Legs#1 Biceps#1 Shoulders,Full Body
2 Back#2 Legs#2 Triceps,Full Body
2 Back#3 Legs#4 Shoulders,Full Body
2 Back#4 Shoulders#1 Legs,Full Body
2 Biceps#2 Abs / Core#1 Legs#2 Triceps,Full Body
2 Biceps#2 Legs,Full Body
2 Biceps#2 Olympic#2 Shoulders#2 Legs#1 Abs / Core,Full Body
2 Biceps#3 Legs#4 Shoulders,Full Body
2 Biceps#4 Legs#3 Back,Full Body
2 Chest#1 Legs,Full Body
2 Chest#1 Legs#3 Triceps,Full Body
2 Chest#2 Legs#2 Back#2 Abs / Core,Full Body
2 Chest#3 Abs / Core#2 Legs,Full Body
2 Chest#3 Legs#1 Biceps,Full Body
2 Chest#4 Triceps#2 Shoulders#1 Legs,Full Body
2 Legs#1 Triceps#1 Biceps#2 Chest,Full Body
2 Legs#1 Triceps#2 Abs / Core,Full Body
2 Legs#2 Abs / Core#1 Biceps#1 Back,Full Body
2 Legs#2 Abs / Core#3 Biceps#2 Shoulders,Full Body
2 Legs#2 Back,Full Body
2 Legs#2 Back#2 Abs / Core,Full Body
2 Legs#2 Biceps#2 Chest,Full Body
2 Legs#2 Chest#1 Olympic,Full Body
2 Legs#2 Chest#2 Triceps,Full Body
2 Legs#3 Shoulders,Full Body
2 Legs#3 Shoulders#3 Olympic,Full Body
2 Olympic#1 Back#2 Shoulders,Full Body
2 Olympic#2 Biceps#3 Legs#3 Abs / Core,Full Body
2 Olympic#3 Shoulders#2 Chest#1 Back,Full Body
2 Shoulders#2 Legs#2 Abs / Core,Full Body
2 Triceps#1 Back#1 Legs,Full Body
2 Triceps#1 Biceps#4 Legs#3 Shoulders,Full Body
2 Triceps#1 Legs,Full Body
2 Triceps#2 Biceps#1 Legs,Full Body
3 Abs / Core#1 Legs#2 Biceps#2 Chest,Full Body
3 Abs / Core#2 Legs#2 Chest,Full Body
3 Back#2 Abs / Core#1 Shoulders#3 Legs,Full Body
3 Back#2 Chest#4 Legs#3 Triceps,Full Body
3 Back#2 Triceps#2 Legs,Full Body
3 Back#4 Legs#2 Shoulders#3 Chest,Full Body
3 Biceps#1 Legs#4 Back#1 Abs / Core#1 Chest,Full Body
3 Biceps#2 Chest#3 Legs,Full Body
3 Biceps#2 Shoulders#2 Legs,Full Body
3 Biceps#3 Legs#3 Shoulders,Full Body
3 Biceps#4 Legs,Full Body
3 Biceps#4 Legs#2 Triceps,Full Body
3 Biceps#4 Legs#3 Shoulders,Full Body
3 Chest#1 Legs,Full Body
3 Chest#2 Back#1 Legs,Full Body
3 Chest#2 Legs#3 Triceps,Full Body
3 Legs#1 Triceps#4 Biceps,Full Body
3 Legs#2 Back#2 Biceps,Full Body
3 Legs#2 Biceps#4 Shoulders,Full Body
3 Legs#2 Chest#1 Biceps#4 Triceps,Full Body
3 Legs#3 Biceps#1 Chest,Full Body
3 Legs#3 Triceps#3 Back,Full Body
3 Olympic#1 Legs#4 Triceps,Full Body
3 Olympic#2 Triceps#1 Back#3 Legs,Full Body
3 Olympic#3 Back#1 Legs,Full Body
3 Triceps#2 Biceps#2 Legs#3 Abs / Core,Full Body
3 Triceps#3 Biceps#2 Chest#2 Abs / Core#3 Legs,Full Body
3 Triceps#3 Legs#2 Biceps#1 Abs / Core,Full Body
3 Triceps#3 Olympic#3 Legs#1 Shoulders,Full Body
3 Triceps#4 Legs#1 Abs / Core,Full Body
4 Abs / Core#2 Legs,Full Body
4 Abs / Core#3 Legs,Full Body
4 Abs / Core#3 Shoulders#1 Legs#3 Chest,Full Body
4 Back#3 Abs / Core#3 Legs,Full Body
4 Back#4 Olympic#3 Legs,Full Body
4 Biceps#2 Back#4 Legs#3 Abs / Core,Full Body
4 Chest#1 Legs#2 Shoulders,Full Body
4 Legs#2 Back#4 Biceps,Full Body
4 Legs#2 Chest#3 Back#3 Biceps,Full Body
4 Legs#3 Biceps#1 Back,Full Body
4 Legs#4 Back#1 Biceps,Full Body
4 Olympic#1 Biceps#3 Back,Full Body
4 Triceps#1 Legs,Full Body
4 Triceps#3 Abs / Core#1 Olympic#2 Biceps,Full Body
1 Biceps#2 Legs,Legs
1 Legs,Legs
1 Legs,Legs
1 Shoulders#3 Legs,Legs
1 Shoulders#4 Legs#1 Back,Legs
1 Triceps#2 Legs,Legs
2 Abs / Core#2 Legs,Legs
2 Abs / Core#3 Legs,Legs
2 Chest#4 Legs,Legs
2 Legs,Legs
2 Legs,Legs
2 Legs,Legs
2 Legs,Legs
2 Legs#2 Abs / Core,Legs
2 Legs#2 Abs / Core,Legs
2 Legs#2 Biceps,Legs
2 Triceps#1 Abs / Core#3 Legs,Legs
2 Triceps#3 Legs,Legs
3 Legs#1 Abs / Core,Legs
3 Legs#1 Back,Legs
3 Legs#1 Chest,Legs
3 Legs#1 Shoulders,Legs
3 Legs#3 Abs / Core,Legs
4 Legs#1 Back,Legs
4 Legs#1 Shoulders#1 Biceps,Legs
4 Legs#2 Shoulders,Legs
4 Legs#2 Shoulders,Legs
1 Abs / Core,Other
1 Abs / Core,Other
1 Abs / Core,Other
1 Abs / Core#1 Triceps,Other
1 Abs / Core#2 Biceps#1 Chest,Other
1 Abs / Core#3 Chest#2 Biceps,Other
1 Abs / Core#3 Triceps#1 Chest,Other
1 Abs / Core#4 Back#2 Triceps,Other
1 Back#1 Legs,Other
1 Back#1 Triceps,Other
1 Back#2 Abs / Core#3 Triceps#4 Shoulders,Other
1 Back#2 Shoulders#3 Triceps,Other
1 Back#4 Abs / Core,Other
1 Back#4 Shoulders#4 Abs / Core,Other
1 Biceps#1 Chest,Other
1 Biceps#2 Abs / Core,Other
1 Biceps#2 Chest#3 Back,Other
1 Chest#2 Abs / Core#3 Shoulders#2 Back#4 Triceps,Other
1 Legs#1 Back,Other
1 Olympic,Other
1 Olympic#1 Triceps#1 Back,Other
1 Olympic#2 Shoulders#3 Abs / Core,Other
1 Shoulders#1 Back,Other
1 Shoulders#2 Abs / Core#2 Triceps#3 Back,Other
1 Shoulders#2 Biceps#3 Abs / Core,Other
1 Shoulders#2 Chest#4 Legs,Other
1 Shoulders#3 Back#4 Triceps#2 Chest,Other
1 Shoulders#3 Biceps#3 Chest,Other
1 Shoulders#4 Abs / Core#1 Biceps,Other
1 Triceps#2 Biceps#4 Chest#3 Back,Other
2 Abs / Core,Other
2 Abs / Core#1 Back,Other
2 Abs / Core#3 Biceps#1 Chest,Other
2 Abs / Core#4 Biceps#1 Back#2 Shoulders#2 Chest,Other
2 Back#1 Abs / Core#2 Triceps,Other
2 Back#1 Chest#1 Triceps#2 Abs / Core,Other
2 Back#2 Shoulders,Other
2 Back#2 Shoulders#2 Abs / Core,Other
2 Back#2 Triceps#4 Abs / Core,Other
2 Biceps#1 Chest,Other
2 Biceps#2 Abs / Core,Other
2 Biceps#2 Abs / Core,Other
2 Biceps#2 Abs / Core#1 Back,Other
2 Biceps#2 Chest#3 Back,Other
2 Biceps#4 Triceps#3 Shoulders#2 Back,Other
2 Chest#2 Olympic#2 Shoulders#1 Back,Other
2 Chest#2 Shoulders#2 Abs / Core#2 Biceps,Other
2 Chest#2 Shoulders#3 Biceps,Other
2 Chest#3 Back#4 Triceps#4 Biceps,Other
2 Olympic#1 Chest,Other
2 Shoulders#1 Back#3 Abs / Core,Other
2 Shoulders#1 Triceps#2 Back,Other
2 Shoulders#2 Back#1 Chest,Other
2 Shoulders#2 Biceps#3 Chest#1 Back,Other
2 Shoulders#3 Chest,Other
2 Shoulders#3 Triceps#3 Chest,Other
2 Shoulders#4 Abs / Core,Other
2 Triceps#1 Abs / Core#4 Back,Other
2 Triceps#1 Back,Other
2 Triceps#2 Back,Other
2 Triceps#2 Back#2 Chest,Other
2 Triceps#2 Back#3 Chest,Other
2 Triceps#2 Chest#1 Shoulders#3 Back,Other
2 Triceps#4 Abs / Core#1 Chest,Other
3 Abs / Core,Other
3 Abs / Core,Other
3 Abs / Core#2 Biceps,Other
3 Abs / Core#2 Triceps,Other
3 Abs / Core#2 Triceps,Other
3 Abs / Core#2 Triceps#4 Chest#1 Biceps,Other
3 Abs / Core#3 Shoulders#2 Chest,Other
3 Abs / Core#4 Back#1 Biceps,Other
3 Back#1 Shoulders#2 Abs / Core,Other
3 Back#3 Abs / Core#2 Shoulders,Other
3 Back#4 Triceps#2 Abs / Core,Other
3 Biceps#1 Chest#2 Abs / Core#1 Back,Other
3 Biceps#2 Abs / Core#3 Chest#2 Triceps,Other
3 Biceps#3 Abs / Core,Other
3 Biceps#3 Chest,Other
3 Biceps#3 Chest#2 Shoulders,Other
3 Biceps#3 Chest#3 Triceps,Other
3 Chest#3 Back#2 Triceps,Other
3 Chest#4 Legs,Other
3 Chest#4 Shoulders,Other
3 Legs#3 Shoulders,Other
3 Legs#4 Shoulders,Other
3 Shoulders#1 Biceps#3 Chest,Other
3 Shoulders#1 Legs#3 Chest,Other
3 Shoulders#2 Abs / Core#2 Biceps#1 Back,Other
3 Shoulders#3 Abs / Core#4 Chest,Other
3 Triceps#2 Abs / Core,Other
3 Triceps#2 Back,Other
3 Triceps#3 Biceps#1 Shoulders#2 Chest,Other
3 Triceps#4 Back,Other
4 Abs / Core,Other
4 Abs / Core#2 Back,Other
4 Abs / Core#2 Back#4 Biceps,Other
4 Back#2 Abs / Core#2 Triceps,Other
4 Chest#2 Biceps#3 Triceps#1 Abs / Core,Other
4 Olympic,Other
4 Olympic#2 Chest,Other
4 Shoulders#1 Back#4 Biceps,Other
4 Shoulders#2 Chest#2 Triceps#4 Back,Other
4 Shoulders#4 Back,Other
4 Shoulders#4 Back#2 Abs / Core,Other
1 Abs / Core#1 Shoulders,Shoulders
1 Abs / Core#2 Shoulders,Shoulders
1 Abs / Core#2 Shoulders,Shoulders
1 Back#4 Shoulders,Shoulders
1 Shoulders,Shoulders
1 Shoulders,Shoulders
1 Triceps#2 Shoulders,Shoulders
1 Triceps#3 Shoulders,Shoulders
1 Triceps#3 Shoulders,Shoulders
2 Abs / Core#1 Back#3 Shoulders,Shoulders
2 Abs / Core#3 Shoulders,Shoulders
2 Back#4 Shoulders,Shoulders
2 Chest#4 Shoulders,Shoulders
2 Shoulders,Shoulders
2 Shoulders,Shoulders
2 Shoulders,Shoulders
2 Shoulders,Shoulders
2 Shoulders#1 Back,Shoulders
3 Abs / Core#4 Shoulders,Shoulders
3 Shoulders#1 Back,Shoulders
3 Shoulders#2 Chest#1 Olympic,Shoulders
4 Shoulders,Shoulders
4 Shoulders,Shoulders
4 Shoulders,Shoulders
4 Shoulders,Shoulders
4 Shoulders#2 Chest,Shoulders
1 Cardio,Other
3 Cardio,Other
2 Cardio,Other
1 Cardio,Other
4 Cardio,Other
2 Cardio,Other
